"sort_order","recipe_key","zh_name","en_name","cuisine_key","meal_type","difficulty","total_minutes","minimum_required_ingredients","target_tutorial_step_range","recipe_steps_status","tutorial_steps_status","needs_review","notes"
"1","tomato_egg_stir_fry","番茄炒蛋","Tomato Egg Stir Fry","chinese_home","stir_fry","beginner","15","tomato, egg","4-6","todo","todo","false",""
"2","scallion_egg_fried_rice","葱花鸡蛋炒饭","Scallion Egg Fried Rice","chinese_home","fried_rice","beginner","15","rice, egg, scallion","8-14","todo","todo","false",""
"3","garlic_broccoli","蒜香西兰花","Garlic Broccoli","chinese_home","side","beginner","12","broccoli, garlic","4-6","todo","todo","false",""
"4","cabbage_egg_stir_fry","卷心菜炒蛋","Cabbage Egg Stir Fry","chinese_home","stir_fry","beginner","15","cabbage, egg","4-6","todo","todo","false",""
"5","mushroom_spinach_egg","蘑菇菠菜炒蛋","Mushroom Spinach Egg","chinese_home","stir_fry","beginner","15","mushroom, spinach, egg","4-6","todo","todo","false",""
"6","tofu_mushroom_stir_fry","蘑菇烧豆腐","Tofu Mushroom Stir Fry","chinese_home","stir_fry","normal","20","tofu, mushroom, garlic","8-14","todo","todo","false",""
"7","chicken_broccoli_stir_fry","鸡胸西兰花快炒","Chicken Broccoli Stir Fry","chinese_home","stir_fry","normal","25","chicken_breast, broccoli, garlic","8-14","todo","todo","false",""
"8","ginger_scallion_chicken_thigh","姜葱鸡腿肉","Ginger Scallion Chicken Thigh","chinese_home","stir_fry","normal","25","chicken_thigh, ginger, scallion","8-14","todo","todo","false",""
"9","beef_onion_stir_fry","洋葱牛肉片","Beef Onion Stir Fry","chinese_home","stir_fry","normal","20","beef_slice, onion","8-14","todo","todo","false",""
"10","ground_beef_tomato_tofu","番茄牛肉碎豆腐","Ground Beef Tomato Tofu","chinese_home","stir_fry","normal","25","ground_beef, tomato, tofu","8-14","todo","todo","false",""
"11","pork_cabbage_stir_fry","猪肉片炒卷心菜","Pork Cabbage Stir Fry","chinese_home","stir_fry","normal","20","pork_slice, cabbage, garlic","8-14","todo","todo","false",""
"12","shrimp_egg_stir_fry","虾仁滑蛋","Shrimp Egg Stir Fry","cantonese","stir_fry","normal","18","shrimp, egg, scallion","8-14","todo","todo","false",""
"13","white_fish_ginger_scallion","姜葱白鱼","Ginger Scallion White Fish","cantonese","stir_fry","normal","25","white_fish, ginger, scallion","8-14","todo","todo","false",""
"14","tofu_bok_choy","小白菜豆腐","Tofu Bok Choy","cantonese","stir_fry","beginner","18","tofu, bok_choy, garlic","8-14","todo","todo","false",""
"15","green_beans_ground_pork","肉末四季豆","Ground Pork Green Beans","sichuan","stir_fry","normal","25","green_beans, ground_pork, garlic","8-14","todo","todo","false",""
"16","mapo_tofu_student","留学生版麻婆豆腐","Student Mapo Tofu","sichuan","stir_fry","normal","25","tofu, ground_pork, doubanjiang","8-14","todo","todo","false",""
"17","spicy_eggplant_tofu","豆瓣茄子豆腐","Spicy Eggplant Tofu","sichuan","stir_fry","normal","28","eggplant, tofu, doubanjiang","8-14","todo","todo","false",""
"18","celery_beef_slice","芹菜牛肉片","Celery Beef Slice Stir Fry","shandong","stir_fry","normal","22","beef_slice, celery, garlic","8-14","todo","todo","false",""
"19","shandong_garlic_cabbage","醋香蒜炒卷心菜","Shandong Vinegar Garlic Cabbage","shandong","side","beginner","12","cabbage, garlic","4-6","todo","todo","false",""
"20","huaiyang_tofu_pea_mushroom","豆腐豌豆蘑菇","Huaiyang Tofu Pea Mushroom","huaiyang","stir_fry","normal","20","tofu, peas, mushroom","8-14","todo","todo","false",""
"21","huaiyang_shrimp_tofu","虾仁豆腐","Huaiyang Shrimp Tofu","huaiyang","stir_fry","normal","20","shrimp, tofu, peas","8-14","todo","todo","false",""
"22","garlic_spinach","蒜蓉菠菜","Garlic Spinach","chinese_home","side","beginner","10","spinach, garlic","4-6","todo","todo","false",""
"23","cauliflower_ground_turkey","火鸡碎炒花椰菜","Ground Turkey Cauliflower Stir Fry","chinese_home","stir_fry","normal","25","cauliflower, ground_turkey, garlic","8-14","todo","todo","false",""
"24","cabbage_chicken_thigh","鸡腿肉炒大白菜","Chicken Thigh Napa Cabbage","chinese_home","stir_fry","normal","25","chicken_thigh, napa_cabbage, ginger","8-14","todo","todo","false",""
"25","carrot_potato_chicken","胡萝卜土豆鸡块","Carrot Potato Chicken","chinese_home","stir_fry","normal","30","chicken_thigh, potato, carrot","8-14","todo","todo","false",""
"26","tomato_cauliflower_egg","番茄花菜炒蛋","Tomato Cauliflower Egg","chinese_home","stir_fry","beginner","18","tomato, cauliflower, egg","8-14","todo","todo","false",""
"27","mushroom_chicken_breast","蘑菇鸡胸肉","Mushroom Chicken Breast","chinese_home","stir_fry","normal","22","chicken_breast, mushroom, garlic","8-14","todo","todo","false",""
"28","shrimp_broccoli_garlic","蒜香虾仁西兰花","Garlic Shrimp Broccoli","cantonese","stir_fry","normal","20","shrimp, broccoli, garlic","8-14","todo","todo","false",""
"29","cucumber_egg_light_stir","黄瓜炒蛋","Cucumber Egg Stir Fry","chinese_home","stir_fry","beginner","12","cucumber, egg","4-6","todo","todo","false",""
"30","bok_choy_mushroom","小白菜炒蘑菇","Bok Choy Mushroom","cantonese","side","beginner","15","bok_choy, mushroom, garlic","4-6","todo","todo","false",""
"31","spicy_cabbage_tofu","辣油卷心菜豆腐","Chili Oil Cabbage Tofu","sichuan","stir_fry","beginner","20","cabbage, tofu, chili_oil","8-14","todo","todo","false",""
"32","pork_belly_napa_cabbage","五花肉大白菜","Pork Belly Napa Cabbage","chinese_home","stir_fry","normal","28","pork_belly, napa_cabbage, garlic","8-14","todo","todo","false",""
"33","zucchini_egg_stir_fry","西葫芦炒蛋","Zucchini Egg Stir Fry","chinese_home","stir_fry","beginner","15","zucchini, egg, garlic","4-6","todo","todo","false",""
"34","tomato_white_fish_pan","番茄白鱼锅","Tomato White Fish Pan","cantonese","stir_fry","normal","25","white_fish, tomato, ginger","8-14","todo","todo","false",""
"35","edamame_corn_tofu","毛豆玉米豆腐","Edamame Corn Tofu","chinese_home","stir_fry","beginner","18","edamame, corn, tofu","8-14","todo","todo","false",""
"36","chicken_egg_rice_bowl","鸡蛋鸡胸饭","Chicken Egg Rice Bowl","chinese_home","rice_bowl","beginner","25","rice, chicken_breast, egg","8-14","todo","todo","false",""
"37","beef_tomato_rice_bowl","番茄牛肉碎盖饭","Beef Tomato Rice Bowl","chinese_home","rice_bowl","normal","30","rice, ground_beef, tomato, onion","8-14","todo","todo","false",""
"38","tofu_vegetable_rice_bowl","豆腐蔬菜饭","Tofu Vegetable Rice Bowl","chinese_home","rice_bowl","beginner","25","rice, tofu, broccoli, carrot","8-14","todo","todo","false",""
"39","shrimp_corn_fried_rice","虾仁玉米炒饭","Shrimp Corn Fried Rice","chinese_home","fried_rice","beginner","18","rice, shrimp, corn, egg","8-14","todo","todo","false",""
"40","tuna_cucumber_rice_bowl","金枪鱼黄瓜饭","Tuna Cucumber Rice Bowl","western_simple","rice_bowl","beginner","12","rice, canned_tuna, cucumber","8-14","todo","todo","false",""
"41","mushroom_spinach_noodles","蘑菇菠菜拌面","Mushroom Spinach Noodles","chinese_home","noodle","beginner","18","noodles, mushroom, spinach","8-14","todo","todo","false",""
"42","chicken_broccoli_noodles","鸡胸西兰花炒面","Chicken Broccoli Noodles","chinese_home","noodle","normal","25","noodles, chicken_breast, broccoli","8-14","todo","todo","false",""
"43","beef_onion_udon","洋葱牛肉乌冬","Beef Onion Udon","chinese_home","noodle","normal","25","udon_noodles, beef_slice, onion","8-14","todo","todo","false",""
"44","tomato_egg_noodle_soup","番茄鸡蛋汤面","Tomato Egg Noodle Soup","chinese_home","noodle","beginner","18","noodles, tomato, egg","8-14","todo","todo","false",""
"45","cabbage_pork_noodles","卷心菜肉片炒面","Cabbage Pork Noodles","chinese_home","noodle","normal","25","noodles, pork_slice, cabbage","8-14","todo","todo","false",""
"46","sesame_tofu_noodle_bowl","芝麻豆腐黄瓜面","Sesame Tofu Cucumber Noodles","chinese_home","noodle","beginner","15","noodles, tofu, cucumber","8-14","todo","todo","false",""
"47","curry_chicken_rice","咖喱鸡肉饭","Curry Chicken Rice","western_simple","rice_bowl","normal","35","rice, chicken_thigh, potato, carrot, curry_blocks","12-18","todo","todo","false",""
"48","vegetable_curry_rice","蔬菜咖喱饭","Vegetable Curry Rice","western_simple","rice_bowl","beginner","30","rice, potato, carrot, curry_blocks","8-14","todo","todo","false",""
"49","canned_tuna_fried_rice","金枪鱼鸡蛋炒饭","Tuna Egg Fried Rice","western_simple","fried_rice","beginner","15","rice, canned_tuna, egg","8-14","todo","todo","false",""
"50","ground_pork_corn_rice_bowl","肉末玉米盖饭","Ground Pork Corn Rice Bowl","chinese_home","rice_bowl","normal","25","rice, ground_pork, corn, onion","8-14","todo","todo","false",""
"51","ramen_egg_spinach","菠菜鸡蛋拉面","Spinach Egg Ramen","chinese_home","noodle","beginner","12","ramen_noodles, egg, spinach","8-14","todo","todo","false",""
"52","shrimp_tomato_noodles","番茄虾仁面","Shrimp Tomato Noodles","chinese_home","noodle","normal","22","noodles, shrimp, tomato","8-14","todo","todo","false",""
"53","chicken_thigh_rice_cooker_pilaf","电饭煲鸡腿蔬菜饭","Rice Cooker Chicken Vegetable Rice","western_simple","rice_cooker","normal","40","rice, chicken_thigh, carrot, onion","12-18","todo","todo","false",""
"54","tofu_bok_choy_rice_bowl","小白菜豆腐盖饭","Tofu Bok Choy Rice Bowl","cantonese","rice_bowl","beginner","25","rice, tofu, bok_choy","8-14","todo","todo","false",""
"55","beef_shank_noodle_soup","牛腱汤面","Beef Shank Noodle Soup","shandong","noodle","confident","60","noodles, beef_shank, ginger, scallion","12-18","todo","todo","false",""
"56","tomato_mushroom_pasta","番茄蘑菇意面","Tomato Mushroom Pasta","western_simple","pasta","beginner","25","pasta, tomato, mushroom","8-14","todo","todo","false",""
"57","tuna_tomato_pasta","金枪鱼番茄意面","Tuna Tomato Pasta","western_simple","pasta","beginner","20","pasta, canned_tuna, canned_tomato","8-14","todo","todo","false",""
"58","ground_beef_pasta_skillet","牛肉碎意面锅","Ground Beef Pasta Skillet","western_simple","pasta","normal","30","pasta, ground_beef, pasta_sauce, onion","8-14","todo","todo","false",""
"59","chicken_broccoli_pasta","鸡胸西兰花意面","Chicken Broccoli Pasta","western_simple","pasta","normal","30","pasta, chicken_breast, broccoli","8-14","todo","todo","false",""
"60","spinach_egg_toast","菠菜鸡蛋吐司","Spinach Egg Toast","western_simple","breakfast","beginner","12","bread, egg, spinach","4-6","todo","todo","false",""
"61","peanut_butter_banana_toast","花生酱香蕉吐司","Peanut Butter Banana Toast","western_simple","sandwich_wrap","beginner","5","bread, banana, peanut_butter","4-6","todo","todo","false",""
"62","tuna_cucumber_sandwich","金枪鱼黄瓜三明治","Tuna Cucumber Sandwich","western_simple","sandwich_wrap","beginner","10","bread, canned_tuna, cucumber","4-6","todo","todo","false",""
"63","egg_tomato_sandwich","鸡蛋番茄三明治","Egg Tomato Sandwich","western_simple","sandwich_wrap","beginner","12","bread, egg, tomato","4-6","todo","todo","false",""
"64","chicken_avocado_wrap","鸡胸牛油果卷饼","Chicken Avocado Wrap","western_simple","sandwich_wrap","normal","20","tortilla, chicken_breast, avocado","4-6","todo","todo","false",""
"65","black_bean_corn_wrap","黑豆玉米卷饼","Black Bean Corn Wrap","western_simple","sandwich_wrap","beginner","12","tortilla, canned_black_beans, corn","4-6","todo","todo","false",""
"66","chickpea_cucumber_salad_wrap","鹰嘴豆黄瓜卷饼","Chickpea Cucumber Salad Wrap","western_simple","sandwich_wrap","beginner","12","tortilla, canned_chickpeas, cucumber","4-6","todo","todo","false",""
"67","salmon_potato_plate","三文鱼土豆盘","Salmon Potato Plate","western_simple","air_fryer","normal","30","salmon, potato, broccoli","4-6","todo","todo","false",""
"68","cod_tomato_pan","番茄鳕鱼锅","Cod Tomato Pan","western_simple","stir_fry","normal","25","cod, canned_tomato, onion","8-14","todo","todo","false",""
"69","turkey_mushroom_pasta","火鸡蘑菇意面","Turkey Mushroom Pasta","western_simple","pasta","normal","30","pasta, ground_turkey, mushroom, pasta_sauce","8-14","todo","todo","false",""
"70","sausage_pepper_tortilla","香肠彩椒卷饼","Sausage Pepper Tortilla","western_simple","sandwich_wrap","normal","20","tortilla, sausage, bell_pepper, onion","4-6","todo","todo","false",""
"71","banana_oat_pancake","香蕉燕麦煎饼","Banana Oat Pancake","western_simple","breakfast","beginner","15","banana, oats, egg","4-6","todo","todo","false",""
"72","apple_oat_bowl","苹果燕麦碗","Apple Oat Bowl","western_simple","microwave","beginner","8","oats, apple","4-6","todo","todo","false",""
"73","berry_granola_bowl","浆果格兰诺拉碗","Berry Granola Bowl","western_simple","salad_light","beginner","5","granola, berries","4-6","todo","todo","false",""
"74","peanut_butter_apple_oats","花生酱苹果燕麦","Peanut Butter Apple Oats","western_simple","microwave","beginner","8","oats, apple, peanut_butter","4-6","todo","todo","false",""
"75","sweet_potato_egg_hash","红薯鸡蛋早餐锅","Sweet Potato Egg Hash","western_simple","breakfast","normal","25","sweet_potato, egg, onion","4-6","todo","todo","false",""
"76","avocado_egg_bread","牛油果鸡蛋面包","Avocado Egg Bread","western_simple","breakfast","beginner","12","bread, avocado, egg","4-6","todo","todo","false",""
"77","mango_oat_smoothie_bowl","芒果燕麦奶昔碗","Mango Oat Smoothie Bowl","western_simple","blender_breakfast","beginner","8","oats, mango, banana","4-6","todo","todo","false",""
"78","egg_corn_cucumber_salad","鸡蛋玉米黄瓜沙拉","Egg Corn Cucumber Salad","chinese_home","salad_light","beginner","10","egg, corn, cucumber","4-6","todo","todo","false",""
"79","tuna_apple_salad_bread","金枪鱼苹果沙拉配面包","Tuna Apple Salad Bread","western_simple","salad_light","beginner","10","canned_tuna, apple, bread","4-6","todo","todo","false",""
"80","mixed_nuts_fruit_toast","坚果水果吐司","Mixed Nuts Fruit Toast","western_simple","sandwich_wrap","beginner","7","bread, banana, mixed_nuts","4-6","todo","todo","false",""
"81","tomato_tofu_soup","番茄豆腐蛋汤","Tomato Tofu Egg Soup","chinese_home","soup_stew","beginner","18","tomato, tofu, egg","8-14","todo","todo","false",""
"82","cabbage_pork_soup","卷心菜肉片汤","Cabbage Pork Soup","chinese_home","soup_stew","normal","30","cabbage, pork_slice, ginger","8-14","todo","todo","false",""
"83","chicken_corn_potato_soup","鸡肉玉米土豆汤","Chicken Corn Potato Soup","western_simple","soup_stew","normal","35","chicken_thigh, potato, corn","12-18","todo","todo","false",""
"84","chickpea_tomato_stew","鹰嘴豆番茄炖菜","Chickpea Tomato Stew","western_simple","soup_stew","beginner","25","canned_chickpeas, canned_tomato, onion","8-14","todo","todo","false",""
"85","white_fish_tofu_soup","白鱼豆腐汤","White Fish Tofu Soup","cantonese","soup_stew","normal","25","white_fish, tofu, ginger","8-14","todo","todo","false",""
"86","shrimp_corn_egg_soup","虾仁玉米蛋花汤","Shrimp Corn Egg Soup","huaiyang","soup_stew","beginner","18","shrimp, corn, egg","8-14","todo","todo","false",""
"87","beef_potato_carrot_stew","牛腱土豆胡萝卜汤","Beef Potato Carrot Stew","shandong","soup_stew","confident","60","beef_shank, potato, carrot, onion","12-18","todo","todo","false",""
"88","curry_tofu_vegetable_stew","咖喱豆腐蔬菜煲","Curry Tofu Vegetable Stew","western_simple","soup_stew","beginner","30","tofu, potato, curry_blocks","8-14","todo","todo","false",""
"89","pumpkin_chickpea_soup","南瓜鹰嘴豆汤","Pumpkin Chickpea Soup","western_simple","soup_stew","normal","35","pumpkin, canned_chickpeas, onion","12-18","todo","todo","false",""
"90","winter_melon_shrimp_soup","冬瓜虾仁汤","Winter Melon Shrimp Soup","huaiyang","soup_stew","normal","30","winter_melon, shrimp, ginger","8-14","todo","todo","false",""
"91","fridge_cleanout_fried_rice","冰箱清理炒饭","Fridge Cleanout Fried Rice","chinese_home","fridge_cleanout","beginner","18","rice, egg, frozen_mixed_vegetables","4-6","todo","todo","false",""
"92","frozen_broccoli_chicken_bowl","冷冻西兰花鸡胸饭","Frozen Broccoli Chicken Bowl","chinese_home","rice_bowl","beginner","25","rice, chicken_breast, frozen_broccoli","8-14","todo","todo","false",""
"93","canned_tomato_pasta_cleanout","罐头番茄清冰箱意面","Canned Tomato Cleanout Pasta","western_simple","pasta","beginner","20","pasta, canned_tomato, onion","8-14","todo","todo","false",""
"94","frozen_spinach_egg_noodles","冷冻菠菜鸡蛋面","Frozen Spinach Egg Noodles","chinese_home","noodle","beginner","15","noodles, frozen_spinach, egg","8-14","todo","todo","false",""
"95","tortilla_breakfast_wrap","冷冻蔬菜鸡蛋卷饼","Frozen Vegetable Egg Breakfast Wrap","western_simple","sandwich_wrap","beginner","12","tortilla, egg, frozen_mixed_vegetables","4-6","todo","todo","false",""
"96","canned_black_bean_rice_bowl","黑豆玉米饭碗","Black Bean Corn Rice Bowl","western_simple","rice_bowl","beginner","18","rice, canned_black_beans, canned_corn","8-14","todo","todo","false",""
"97","tofu_frozen_pea_curry_rice","豆腐冷冻豌豆咖喱饭","Tofu Frozen Pea Curry Rice","western_simple","rice_bowl","beginner","30","rice, tofu, frozen_peas, curry_blocks","8-14","todo","todo","false",""
"98","one_pot_udon_cleanout","一锅清冰箱乌冬","One Pot Cleanout Udon","chinese_home","fridge_cleanout","beginner","20","udon_noodles, frozen_mixed_vegetables, egg","4-6","todo","todo","false",""
"99","tomato_mushroom_toast","番茄蘑菇烤吐司","Tomato Mushroom Toast","western_simple","sandwich_wrap","beginner","12","bread, tomato_paste, mushroom","4-6","todo","todo","false",""
"100","microwave_sweet_potato_tuna","微波红薯金枪鱼","Microwave Sweet Potato Tuna","western_simple","microwave","beginner","12","sweet_potato, canned_tuna, corn","4-6","todo","todo","false",""
"101","onion_egg_stir_fry","洋葱炒蛋","Onion Egg Stir Fry","chinese_home","stir_fry","beginner","12","onion, egg","4-6","todo","todo","false",""
"102","carrot_egg_stir_fry","胡萝卜炒蛋","Carrot Egg Stir Fry","chinese_home","stir_fry","beginner","15","carrot, egg","4-6","todo","todo","false",""
"103","broccoli_egg_stir_fry","西兰花炒蛋","Broccoli Egg Stir Fry","chinese_home","stir_fry","beginner","16","broccoli, egg","8-14","todo","todo","false",""
"104","tomato_cabbage_egg","番茄卷心菜炒蛋","Tomato Cabbage Egg Stir Fry","chinese_home","stir_fry","beginner","18","tomato, cabbage, egg","8-14","todo","todo","false",""
"105","garlic_cauliflower","蒜香花椰菜","Garlic Cauliflower","chinese_home","side","beginner","15","cauliflower, garlic","4-6","todo","todo","false",""
"106","mushroom_egg_stir_fry","蘑菇炒蛋","Mushroom Egg Stir Fry","chinese_home","stir_fry","beginner","14","mushroom, egg","4-6","todo","todo","false",""
"107","pan_fried_scallion_tofu","葱香煎豆腐","Pan Fried Scallion Tofu","chinese_home","stir_fry","beginner","18","tofu, scallion","8-14","todo","todo","false",""
"108","soy_sauce_tofu_rice_bowl","酱油豆腐盖饭","Soy Sauce Tofu Rice Bowl","chinese_home","rice_bowl","beginner","18","rice, tofu, scallion","8-14","todo","todo","false",""
"109","tomato_tofu_rice_bowl","番茄豆腐盖饭","Tomato Tofu Rice Bowl","chinese_home","rice_bowl","beginner","22","rice, tomato, tofu","8-14","todo","todo","false",""
"110","ground_pork_tofu_rice_bowl","肉末豆腐盖饭","Ground Pork Tofu Rice Bowl","chinese_home","rice_bowl","normal","25","rice, ground_pork, tofu","8-14","todo","todo","false",""
"111","ground_beef_potato_stir_fry","牛肉碎炒土豆丁","Ground Beef Potato Stir Fry","chinese_home","stir_fry","normal","25","ground_beef, potato, onion","8-14","todo","todo","false",""
"112","chicken_thigh_onion_stir_fry","洋葱鸡腿肉","Chicken Thigh Onion Stir Fry","chinese_home","stir_fry","normal","25","chicken_thigh, onion","8-14","todo","todo","false",""
"113","tomato_chicken_breast","番茄鸡胸肉","Tomato Chicken Breast","chinese_home","stir_fry","normal","22","chicken_breast, tomato","8-14","todo","todo","false",""
"114","cucumber_chicken_breast","黄瓜鸡胸肉","Cucumber Chicken Breast Stir Fry","chinese_home","stir_fry","normal","18","chicken_breast, cucumber","8-14","todo","todo","false",""
"115","bell_pepper_pork_slice","彩椒猪肉片","Bell Pepper Pork Slice","chinese_home","stir_fry","normal","22","pork_slice, bell_pepper, onion","8-14","todo","todo","false",""
"116","bell_pepper_beef_slice","彩椒牛肉片","Bell Pepper Beef Slice","chinese_home","stir_fry","normal","20","beef_slice, bell_pepper","8-14","todo","todo","false",""
"117","shrimp_cucumber_stir_fry","黄瓜虾仁","Shrimp Cucumber Stir Fry","cantonese","stir_fry","beginner","16","shrimp, cucumber","8-14","todo","todo","false",""
"118","shrimp_cabbage_stir_fry","虾仁炒卷心菜","Shrimp Cabbage Stir Fry","chinese_home","stir_fry","beginner","18","shrimp, cabbage, garlic","8-14","todo","todo","false",""
"119","white_fish_tomato_tofu_pan","番茄豆腐白鱼","White Fish Tomato Tofu Pan","cantonese","stir_fry","normal","25","white_fish, tomato, tofu","8-14","todo","todo","false",""
"120","canned_tuna_cabbage_stir_fry","金枪鱼炒卷心菜","Tuna Cabbage Stir Fry","chinese_home","stir_fry","beginner","15","canned_tuna, cabbage","4-6","todo","todo","false",""
"121","bacon_cabbage_stir_fry","培根炒卷心菜","Bacon Cabbage Stir Fry","western_simple","stir_fry","beginner","15","bacon, cabbage","4-6","todo","todo","false",""
"122","sausage_potato_pan","香肠土豆锅","Sausage Potato Pan","western_simple","stir_fry","normal","25","sausage, potato, onion","8-14","todo","todo","false",""
"123","ground_turkey_tomato_egg","火鸡碎番茄蛋","Ground Turkey Tomato Egg","chinese_home","stir_fry","normal","22","ground_turkey, tomato, egg","8-14","todo","todo","false",""
"124","edamame_egg_fried_rice","毛豆鸡蛋炒饭","Edamame Egg Fried Rice","chinese_home","fried_rice","beginner","16","rice, edamame, egg","8-14","todo","todo","false",""
"125","carrot_pea_fried_rice","胡萝卜豌豆炒饭","Carrot Pea Fried Rice","chinese_home","fried_rice","beginner","15","rice, carrot, peas","8-14","todo","todo","false",""
"126","broccoli_egg_fried_rice","西兰花鸡蛋炒饭","Broccoli Egg Fried Rice","chinese_home","fried_rice","beginner","18","rice, broccoli, egg","8-14","todo","todo","false",""
"127","cabbage_egg_noodles","卷心菜鸡蛋面","Cabbage Egg Noodles","chinese_home","noodle","beginner","16","noodles, cabbage, egg","8-14","todo","todo","false",""
"128","tomato_tofu_noodles","番茄豆腐面","Tomato Tofu Noodles","chinese_home","noodle","beginner","18","noodles, tomato, tofu","8-14","todo","todo","false",""
"129","mushroom_pork_noodles","蘑菇肉片面","Mushroom Pork Noodles","chinese_home","noodle","normal","22","noodles, pork_slice, mushroom","8-14","todo","todo","false",""
"130","beef_spinach_noodles","牛肉菠菜面","Beef Spinach Noodles","chinese_home","noodle","normal","22","noodles, beef_slice, spinach","8-14","todo","todo","false",""
"131","shrimp_spinach_noodles","虾仁菠菜面","Shrimp Spinach Noodles","cantonese","noodle","beginner","18","noodles, shrimp, spinach","8-14","todo","todo","false",""
"132","tuna_corn_noodles","金枪鱼玉米拌面","Tuna Corn Noodles","western_simple","noodle","beginner","14","noodles, canned_tuna, corn","8-14","todo","todo","false",""
"133","cabbage_carrot_ramen","卷心菜胡萝卜拉面","Cabbage Carrot Ramen","chinese_home","noodle","beginner","12","ramen_noodles, cabbage, carrot","8-14","todo","todo","false",""
"134","tofu_mushroom_udon","豆腐蘑菇乌冬","Tofu Mushroom Udon","chinese_home","noodle","beginner","18","udon_noodles, tofu, mushroom","8-14","todo","todo","false",""
"135","potato_egg_rice_bowl","土豆鸡蛋盖饭","Potato Egg Rice Bowl","chinese_home","rice_bowl","beginner","22","rice, potato, egg","8-14","todo","todo","false",""
"136","sweet_potato_egg_bowl","红薯鸡蛋饭碗","Sweet Potato Egg Bowl","western_simple","rice_bowl","beginner","20","rice, sweet_potato, egg","8-14","todo","todo","false",""
"137","tomato_chicken_rice_bowl","番茄鸡肉盖饭","Tomato Chicken Rice Bowl","chinese_home","rice_bowl","normal","25","rice, chicken_breast, tomato","8-14","todo","todo","false",""
"138","cabbage_tofu_rice_bowl","卷心菜豆腐盖饭","Cabbage Tofu Rice Bowl","chinese_home","rice_bowl","beginner","20","rice, cabbage, tofu","8-14","todo","todo","false",""
"139","broccoli_tofu_rice_bowl","西兰花豆腐饭","Broccoli Tofu Rice Bowl","chinese_home","rice_bowl","beginner","22","rice, broccoli, tofu","8-14","todo","todo","false",""
"140","spinach_egg_rice_bowl","菠菜鸡蛋饭","Spinach Egg Rice Bowl","chinese_home","rice_bowl","beginner","15","rice, spinach, egg","8-14","todo","todo","false",""
"141","mushroom_beef_rice_bowl","蘑菇牛肉盖饭","Mushroom Beef Rice Bowl","chinese_home","rice_bowl","normal","25","rice, beef_slice, mushroom","8-14","todo","todo","false",""
"142","onion_pork_rice_bowl","洋葱猪肉盖饭","Onion Pork Rice Bowl","chinese_home","rice_bowl","normal","22","rice, pork_slice, onion","8-14","todo","todo","false",""
"143","scallion_egg_udon","葱花鸡蛋乌冬","Scallion Egg Udon","chinese_home","noodle","beginner","14","udon_noodles, egg, scallion","8-14","todo","todo","false",""
"144","green_bean_chicken","四季豆鸡胸肉","Green Bean Chicken","chinese_home","stir_fry","normal","24","green_beans, chicken_breast, garlic","8-14","todo","todo","false",""
"145","green_bean_beef","四季豆牛肉片","Green Bean Beef","chinese_home","stir_fry","normal","24","green_beans, beef_slice, garlic","8-14","todo","todo","false",""
"146","cauliflower_egg_stir_fry","花椰菜炒蛋","Cauliflower Egg Stir Fry","chinese_home","stir_fry","beginner","18","cauliflower, egg","8-14","todo","todo","false",""
"147","corn_egg_pancake","玉米鸡蛋饼","Corn Egg Pancake","chinese_home","breakfast","beginner","15","corn, egg, flour","4-6","todo","todo","false",""
"148","scallion_flour_pancake","简易葱花饼","Simple Scallion Pancake","chinese_home","breakfast","normal","25","flour, scallion","4-6","todo","todo","false",""
"149","cabbage_egg_pancake","卷心菜鸡蛋饼","Cabbage Egg Pancake","chinese_home","breakfast","beginner","18","cabbage, egg, flour","4-6","todo","todo","false",""
"150","potato_egg_pancake","土豆鸡蛋饼","Potato Egg Pancake","chinese_home","breakfast","normal","22","potato, egg, flour","4-6","todo","todo","false",""
"151","sweet_potato_oat_pancake","红薯燕麦饼","Sweet Potato Oat Pancake","western_simple","breakfast","beginner","20","sweet_potato, oats, egg","4-6","todo","todo","false",""
"152","steamed_egg_custard","家常蒸蛋","Steamed Egg Custard","cantonese","soup_stew","beginner","18","egg","8-14","todo","todo","false",""
"153","microwave_tofu_egg","微波豆腐蒸蛋","Microwave Tofu Egg","chinese_home","microwave","beginner","10","tofu, egg","4-6","todo","todo","false",""
"154","rice_cooker_tomato_rice","电饭煲番茄饭","Rice Cooker Tomato Rice","chinese_home","rice_cooker","beginner","35","rice, tomato, frozen_mixed_vegetables","12-18","todo","todo","false",""
"155","rice_cooker_mushroom_chicken","电饭煲蘑菇鸡肉饭","Rice Cooker Mushroom Chicken Rice","chinese_home","rice_cooker","normal","40","rice, chicken_thigh, mushroom","12-18","todo","todo","false",""
"156","rice_cooker_corn_egg_rice","电饭煲玉米鸡蛋饭","Rice Cooker Corn Egg Rice","chinese_home","rice_cooker","beginner","35","rice, corn, egg","12-18","todo","todo","false",""
"157","bok_choy_noodle_soup","小白菜汤面","Bok Choy Noodle Soup","chinese_home","noodle","beginner","15","noodles, bok_choy","8-14","todo","todo","false",""
"158","miso_tofu_noodles","味噌豆腐面","Miso Tofu Noodles","western_simple","noodle","beginner","18","noodles, tofu, miso","8-14","todo","todo","false",""
"159","gochujang_tofu_rice_bowl","辣酱豆腐饭","Gochujang Tofu Rice Bowl","western_simple","rice_bowl","beginner","18","rice, tofu, gochujang","8-14","todo","todo","false",""
"160","curry_egg_fried_rice","咖喱鸡蛋炒饭","Curry Egg Fried Rice","western_simple","fried_rice","beginner","16","rice, egg, curry_blocks","8-14","todo","todo","false",""
"161","air_fryer_chicken_potato","空气炸锅鸡肉土豆","Air Fryer Chicken Potato","western_simple","air_fryer","normal","28","chicken_thigh, potato","4-6","todo","todo","false",""
"162","air_fryer_tofu_broccoli","空气炸锅豆腐西兰花","Air Fryer Tofu Broccoli","western_simple","air_fryer","beginner","22","tofu, broccoli","4-6","todo","todo","false",""
"163","air_fryer_sweet_potato_egg","空气炸锅红薯鸡蛋盘","Air Fryer Sweet Potato Egg Plate","western_simple","air_fryer","beginner","25","sweet_potato, egg","4-6","todo","todo","false",""
"164","tuna_potato_salad","金枪鱼土豆沙拉","Tuna Potato Salad","western_simple","salad_light","beginner","20","canned_tuna, potato, cucumber","4-6","todo","todo","false",""
"165","cold_tofu_cucumber_salad","黄瓜拌豆腐","Cold Tofu Cucumber Salad","chinese_home","salad_light","beginner","8","tofu, cucumber","4-6","todo","todo","false",""
"166","tomato_cucumber_salad","番茄黄瓜沙拉","Tomato Cucumber Salad","chinese_home","salad_light","beginner","6","tomato, cucumber","4-6","todo","todo","false",""
"167","avocado_egg_salad_toast","牛油果鸡蛋沙拉吐司","Avocado Egg Salad Toast","western_simple","sandwich_wrap","beginner","12","bread, avocado, egg","4-6","todo","todo","false",""
"168","chickpea_spinach_stew","鹰嘴豆菠菜炖菜","Chickpea Spinach Stew","western_simple","soup_stew","beginner","22","canned_chickpeas, spinach, canned_tomato","8-14","todo","todo","false",""
"169","black_bean_tomato_rice","黑豆番茄饭","Black Bean Tomato Rice","western_simple","rice_bowl","beginner","20","rice, canned_black_beans, tomato","8-14","todo","todo","false",""
"170","kidney_bean_corn_rice_bowl","红腰豆玉米饭碗","Kidney Bean Corn Rice Bowl","western_simple","rice_bowl","beginner","18","rice, canned_kidney_beans, canned_corn","8-14","todo","todo","false",""
"171","canned_mushroom_pasta","罐头蘑菇意面","Canned Mushroom Pasta","western_simple","pasta","beginner","18","pasta, canned_mushroom, pasta_sauce","8-14","todo","todo","false",""
"172","spinach_garlic_pasta","蒜香菠菜意面","Spinach Garlic Pasta","western_simple","pasta","beginner","18","pasta, spinach, garlic","8-14","todo","todo","false",""
"173","eggplant_tomato_pasta","茄子番茄意面","Eggplant Tomato Pasta","western_simple","pasta","normal","25","pasta, eggplant, canned_tomato","8-14","todo","todo","false",""
"174","zucchini_tomato_pasta","西葫芦番茄意面","Zucchini Tomato Pasta","western_simple","pasta","beginner","22","pasta, zucchini, tomato","8-14","todo","todo","false",""
"175","tuna_spinach_pasta","金枪鱼菠菜意面","Tuna Spinach Pasta","western_simple","pasta","beginner","20","pasta, canned_tuna, spinach","8-14","todo","todo","false",""
"176","chicken_tomato_pasta","鸡肉番茄意面","Chicken Tomato Pasta","western_simple","pasta","normal","28","pasta, chicken_breast, canned_tomato","8-14","todo","todo","false",""
"177","salmon_rice_bowl","三文鱼饭碗","Salmon Rice Bowl","western_simple","rice_bowl","normal","22","rice, salmon, cucumber","8-14","todo","todo","false",""
"178","shrimp_avocado_wrap","虾仁牛油果卷饼","Shrimp Avocado Wrap","western_simple","sandwich_wrap","beginner","18","tortilla, shrimp, avocado","4-6","todo","todo","false",""
"179","tofu_lettuce_wrap","豆腐生菜卷","Tofu Lettuce Wrap","western_simple","sandwich_wrap","beginner","15","tortilla, tofu, lettuce","4-6","todo","todo","false",""
"180","egg_lettuce_toast","鸡蛋生菜吐司","Egg Lettuce Toast","western_simple","sandwich_wrap","beginner","10","bread, egg, lettuce","4-6","todo","todo","false",""
"181","banana_apple_oat_bowl","香蕉苹果燕麦碗","Banana Apple Oat Bowl","western_simple","microwave","beginner","8","oats, banana, apple","4-6","todo","todo","false",""
"182","peanut_raisin_oats","花生酱葡萄干燕麦","Peanut Raisin Oats","western_simple","microwave","beginner","7","oats, peanut_butter, raisins","4-6","todo","todo","false",""
"183","orange_chicken_salad","橙香鸡胸沙拉","Orange Chicken Salad","western_simple","salad_light","normal","20","chicken_breast, orange, lettuce","4-6","todo","todo","false",""
"184","grape_chicken_salad","葡萄鸡胸沙拉","Grape Chicken Salad","western_simple","salad_light","normal","20","chicken_breast, grapes, lettuce","4-6","todo","todo","false",""
"185","pear_tuna_salad","梨子金枪鱼沙拉","Pear Tuna Salad","western_simple","salad_light","beginner","10","canned_tuna, pear, lettuce","4-6","todo","todo","false",""
"186","pineapple_chicken_rice","菠萝鸡肉饭","Pineapple Chicken Rice","western_simple","rice_bowl","normal","25","rice, chicken_breast, canned_pineapple","8-14","todo","todo","false",""
"187","cabbage_sausage_rice","卷心菜香肠饭","Cabbage Sausage Rice","western_simple","rice_bowl","beginner","20","rice, sausage, cabbage","8-14","todo","todo","false",""
"188","bacon_egg_fried_rice","培根鸡蛋炒饭","Bacon Egg Fried Rice","western_simple","fried_rice","beginner","15","rice, bacon, egg","8-14","todo","todo","false",""
"189","chicken_wings_potato_pan","鸡翅土豆锅","Chicken Wings Potato Pan","chinese_home","stir_fry","normal","35","chicken_wings, potato","12-18","todo","todo","false",""
"190","rice_cooker_drumstick_soy_chicken","电饭煲酱油鸡腿饭","Rice Cooker Soy Drumstick Rice","chinese_home","rice_cooker","normal","45","rice, chicken_drumstick, ginger","12-18","todo","todo","false",""
"191","pork_chop_onion_pan","洋葱猪排饭","Pork Chop Onion Rice Plate","western_simple","rice_bowl","normal","30","rice, pork_chop, onion","8-14","todo","todo","false",""
"192","turkey_breast_cucumber_wrap","火鸡胸黄瓜卷饼","Turkey Breast Cucumber Wrap","western_simple","sandwich_wrap","beginner","15","tortilla, turkey_breast, cucumber","4-6","todo","todo","false",""
"193","scallop_corn_egg_stir_fry","扇贝玉米滑蛋","Scallop Corn Egg Stir Fry","cantonese","stir_fry","normal","18","scallops, corn, egg","8-14","todo","todo","false",""
"194","imitation_crab_cucumber_egg_bowl","蟹肉棒黄瓜鸡蛋饭","Imitation Crab Cucumber Egg Bowl","cantonese","rice_bowl","beginner","15","rice, imitation_crab, cucumber, egg","8-14","todo","todo","false",""
"195","cod_broccoli_rice_bowl","鳕鱼西兰花饭","Cod Broccoli Rice Bowl","western_simple","rice_bowl","normal","25","rice, cod, broccoli","8-14","todo","todo","false",""
"196","frozen_corn_egg_soup","冷冻玉米蛋花汤","Frozen Corn Egg Soup","chinese_home","soup_stew","beginner","12","frozen_corn, egg","8-14","todo","todo","false",""
"197","frozen_mixed_vegetable_tofu","冷冻杂蔬炒豆腐","Frozen Mixed Vegetable Tofu","chinese_home","stir_fry","beginner","15","frozen_mixed_vegetables, tofu","4-6","todo","todo","false",""
"198","frozen_pea_chicken_fried_rice","冷冻豌豆鸡肉炒饭","Frozen Pea Chicken Fried Rice","chinese_home","fried_rice","beginner","18","rice, frozen_peas, chicken_breast","8-14","todo","todo","false",""
"199","canned_mushroom_tofu_rice","罐头蘑菇豆腐饭","Canned Mushroom Tofu Rice Bowl","chinese_home","rice_bowl","beginner","18","rice, canned_mushroom, tofu","8-14","todo","todo","false",""
"200","lemon_garlic_white_fish","柠檬蒜香白鱼","Lemon Garlic White Fish","western_simple","stir_fry","normal","20","white_fish, lemon, garlic","8-14","todo","todo","false",""
